{
  "mean": [
    5.063626070851045,
    1.824987022515346,
    0.351165,
    0.10034833333333333,
    0.650395
  ],
  "scale": [
    28.19476586308376,
    2.7974158341264475,
    0.4773344139856249,
    0.3004638835709802,
    0.476845199173694
  ],
  "var": [
    794.9448220741133,
    7.825535349021368,
    0.22784814277499993,
    0.09027854533055556,
    0.2273813439749999
  ]
}